rouge1,rouge2,rougeL,rougeLsum
0.01970504442788311,0.0,0.019469877372739558,0.02017179522576002
